Customer No,Age,Income,Student,Credit Rating,Buys Computer
1,Youth,High,No,Fair,No
2,Youth,High,No,Excellent,No
3,Middle-aged,High,No,Fair,Yes
4,Senior,Medium,No,Fair,Yes
5,Senior,Low,Yes,Fair,Yes
6,Senior,Low,Yes,Excellent,No
7,Middle-aged,Low,Yes,Excellent,Yes
8,Youth,Medium,No,Fair,No
9,Youth,Low,Yes,Fair,Yes
10,Senior,High,Yes,Fair,Yes
11,Youth,Medium,Yes,Excellent,Yes
12,Middle-aged,Medium,No,Excellent,Yes
13,Middle-aged,High,Yes,Fair,Yes
14,Senior,Medium,No,Excellent,No
,,,,,
,,,,,
,,,,,
,,,,,
,,,,,
,,,,,
,,,,,
,,,,,
,,,,,
,,,,,
,,,,,
,,,,,
,,,,,
,,,,,
,,,,,
,,,,,
,,,,,
,,,,,
,,,,,
,,,,,
,,,,,
,,,,,
,,,,,
,,,,,
,,,,,
,,,,,
,,,,,
,,,,,
,,,,,
,,,,,
,,,,,
,,,,,
,,,,,
,,,,,
,,,,,
,,,,,
,,,,,
,,,,,
,,,,,
,,,,,
,,,,,
,,,,,
,,,,,
,,,,,
,,,,,
,,,,,
,,,,,
,,,,,
,,,,,
,,,,,
,,,,,
,,,,,
,,,,,
,,,,,
,,,,,
,,,,,
,,,,,
,,,,,
,,,,,
,,,,,
,,,,,
,,,,,
,,,,,
,,,,,
,,,,,
,,,,,
,,,,,
,,,,,
,,,,,
,,,,,
,,,,,
,,,,,
,,,,,
,,,,,
,,,,,
,,,,,
,,,,,
,,,,,
,,,,,
,,,,,
,,,,,
,,,,,
,,,,,
,,,,,
,,,,,
,,,,,
,,,,,
,,,,,
,,,,,
,,,,,
,,,,,
,,,,,
,,,,,
,,,,,
,,,,,
,,,,,
,,,,,
,,,,,
,,,,,
,,,,,
,,,,,
,,,,,
,,,,,
,,,,,
,,,,,
,,,,,
,,,,,
,,,,,
,,,,,
,,,,,
,,,,,
,,,,,
,,,,,
,,,,,
,,,,,
,,,,,
,,,,,
,,,,,
,,,,,
,,,,,
,,,,,
,,,,,
,,,,,
,,,,,
,,,,,
,,,,,
,,,,,
,,,,,
,,,,,
,,,,,
,,,,,
,,,,,
,,,,,
,,,,,
,,,,,
,,,,,
,,,,,
,,,,,
,,,,,
,,,,,
,,,,,
,,,,,
,,,,,
,,,,,
,,,,,
,,,,,
,,,,,
,,,,,
,,,,,
,,,,,
,,,,,
,,,,,
,,,,,
,,,,,
,,,,,
,,,,,
,,,,,
,,,,,
,,,,,
,,,,,
,,,,,
,,,,,
,,,,,
,,,,,
,,,,,
,,,,,
,,,,,
,,,,,
,,,,,
,,,,,
,,,,,
,,,,,
,,,,,
,,,,,
,,,,,
,,,,,
,,,,,
,,,,,
,,,,,
,,,,,
,,,,,
,,,,,
,,,,,
,,,,,
,,,,,
,,,,,
,,,,,
,,,,,
,,,,,
,,,,,
,,,,,
,,,,,
,,,,,
,,,,,
,,,,,
,,,,,
,,,,,
,,,,,
,,,,,
,,,,,
,,,,,
,,,,,
,,,,,
,,,,,
,,,,,
,,,,,
,,,,,
,,,,,
,,,,,
,,,,,
,,,,,
,,,,,
,,,,,
,,,,,
,,,,,
,,,,,
,,,,,
,,,,,
,,,,,
,,,,,
,,,,,
,,,,,
,,,,,
,,,,,
,,,,,
,,,,,
,,,,,
,,,,,
,,,,,
,,,,,
,,,,,
,,,,,
,,,,,
,,,,,
,,,,,
,,,,,
,,,,,
,,,,,
,,,,,
,,,,,
,,,,,
,,,,,
,,,,,
,,,,,
,,,,,
,,,,,
,,,,,
,,,,,
,,,,,
,,,,,
,,,,,
,,,,,
,,,,,
,,,,,
,,,,,
,,,,,
,,,,,
,,,,,
,,,,,
,,,,,
,,,,,
,,,,,
,,,,,
,,,,,
,,,,,
,,,,,
,,,,,
,,,,,
,,,,,
,,,,,
,,,,,
,,,,,
,,,,,
,,,,,
,,,,,
,,,,,
,,,,,
,,,,,
,,,,,
,,,,,
,,,,,
,,,,,
,,,,,
,,,,,
,,,,,
,,,,,
,,,,,
,,,,,
,,,,,
,,,,,
,,,,,
,,,,,
,,,,,
,,,,,
,,,,,
,,,,,
,,,,,
,,,,,
,,,,,
,,,,,
,,,,,
,,,,,
,,,,,
,,,,,
,,,,,
,,,,,
,,,,,
,,,,,
,,,,,
,,,,,
,,,,,
,,,,,
,,,,,
,,,,,
,,,,,
,,,,,
,,,,,
,,,,,
,,,,,
,,,,,
,,,,,
,,,,,
,,,,,
,,,,,
,,,,,
,,,,,
,,,,,
,,,,,
,,,,,
,,,,,
,,,,,
,,,,,
,,,,,
,,,,,
,,,,,
,,,,,
,,,,,
,,,,,
,,,,,
,,,,,
,,,,,
,,,,,
,,,,,
,,,,,
,,,,,
,,,,,
,,,,,
,,,,,
,,,,,
,,,,,
,,,,,
,,,,,
,,,,,
,,,,,
,,,,,
,,,,,
,,,,,
,,,,,
,,,,,
,,,,,
,,,,,
,,,,,
,,,,,
,,,,,
,,,,,
,,,,,
,,,,,
,,,,,
,,,,,
,,,,,
,,,,,
,,,,,
,,,,,
,,,,,
,,,,,
,,,,,
,,,,,
,,,,,
,,,,,
,,,,,
,,,,,
,,,,,
,,,,,
,,,,,
,,,,,
,,,,,
,,,,,
,,,,,
,,,,,
,,,,,
,,,,,
,,,,,
,,,,,
,,,,,
,,,,,
,,,,,
,,,,,
,,,,,
,,,,,
,,,,,
,,,,,
,,,,,
,,,,,
,,,,,
,,,,,
,,,,,
,,,,,
,,,,,
,,,,,
,,,,,
,,,,,
,,,,,
,,,,,
,,,,,
,,,,,
,,,,,
,,,,,
,,,,,
,,,,,
,,,,,
,,,,,
,,,,,
,,,,,
,,,,,
,,,,,
,,,,,
,,,,,
,,,,,
,,,,,
,,,,,
,,,,,
,,,,,
,,,,,
,,,,,
,,,,,
,,,,,
,,,,,
,,,,,
,,,,,
,,,,,
,,,,,
,,,,,
,,,,,
,,,,,
,,,,,
,,,,,
,,,,,
,,,,,
,,,,,
,,,,,
,,,,,
,,,,,
,,,,,
,,,,,
,,,,,
,,,,,
,,,,,
,,,,,
,,,,,
,,,,,
,,,,,
,,,,,
,,,,,
,,,,,
,,,,,
,,,,,
,,,,,
,,,,,
,,,,,
,,,,,
,,,,,
,,,,,
,,,,,
,,,,,
,,,,,
,,,,,
,,,,,
,,,,,
,,,,,
,,,,,
,,,,,
,,,,,
,,,,,
,,,,,
,,,,,
,,,,,
,,,,,
,,,,,
,,,,,
,,,,,
,,,,,
,,,,,
,,,,,
,,,,,
,,,,,
,,,,,
,,,,,
,,,,,
,,,,,
,,,,,
,,,,,
,,,,,
,,,,,
,,,,,
,,,,,
,,,,,
,,,,,
,,,,,
,,,,,
,,,,,
,,,,,
,,,,,
,,,,,
,,,,,
,,,,,
,,,,,
,,,,,
,,,,,
,,,,,
,,,,,
,,,,,
,,,,,
,,,,,
,,,,,
,,,,,
,,,,,
,,,,,
,,,,,
,,,,,
,,,,,
,,,,,
,,,,,
,,,,,
,,,,,
,,,,,
,,,,,
,,,,,
,,,,,
,,,,,
,,,,,
,,,,,
,,,,,
,,,,,
,,,,,
,,,,,
,,,,,
,,,,,
,,,,,
,,,,,
,,,,,
,,,,,
,,,,,
,,,,,
,,,,,
,,,,,
,,,,,
,,,,,
,,,,,
,,,,,
,,,,,
,,,,,
,,,,,
,,,,,
,,,,,
,,,,,
,,,,,
,,,,,
,,,,,
,,,,,
,,,,,
,,,,,
,,,,,
,,,,,
,,,,,
,,,,,
,,,,,
,,,,,
,,,,,
,,,,,
,,,,,
,,,,,
,,,,,
,,,,,
,,,,,
,,,,,
,,,,,
,,,,,
,,,,,
,,,,,
,,,,,
,,,,,
,,,,,
,,,,,
,,,,,
,,,,,
,,,,,
,,,,,
,,,,,
,,,,,
,,,,,
,,,,,
,,,,,
,,,,,
,,,,,
,,,,,
,,,,,
,,,,,
,,,,,
,,,,,
,,,,,
,,,,,
,,,,,
,,,,,
,,,,,
,,,,,
,,,,,
,,,,,
,,,,,
,,,,,
,,,,,
,,,,,
,,,,,
,,,,,
,,,,,
,,,,,
,,,,,
,,,,,
,,,,,
,,,,,
,,,,,
,,,,,
,,,,,
,,,,,
,,,,,
,,,,,
,,,,,
,,,,,
,,,,,
,,,,,
,,,,,
,,,,,
,,,,,
,,,,,
,,,,,
,,,,,
,,,,,
,,,,,
,,,,,
,,,,,
,,,,,
,,,,,
,,,,,
,,,,,
,,,,,
,,,,,
,,,,,
,,,,,
,,,,,
,,,,,
,,,,,
,,,,,
,,,,,
,,,,,
,,,,,
,,,,,
,,,,,
,,,,,
,,,,,
,,,,,
,,,,,
,,,,,
,,,,,
,,,,,
,,,,,
,,,,,
,,,,,
,,,,,
,,,,,
,,,,,
,,,,,
,,,,,
,,,,,
,,,,,
,,,,,
,,,,,
,,,,,
,,,,,
,,,,,
,,,,,
,,,,,
,,,,,
,,,,,
,,,,,
,,,,,
,,,,,
,,,,,
,,,,,
,,,,,
,,,,,
,,,,,
,,,,,
,,,,,
,,,,,
,,,,,
,,,,,
,,,,,
,,,,,
,,,,,
,,,,,
,,,,,
,,,,,
,,,,,
,,,,,
,,,,,
,,,,,
,,,,,
,,,,,
,,,,,
,,,,,
,,,,,
,,,,,
,,,,,
,,,,,
,,,,,
,,,,,
,,,,,
,,,,,
,,,,,
,,,,,
,,,,,
,,,,,
,,,,,
,,,,,
,,,,,
,,,,,
,,,,,
,,,,,
,,,,,
,,,,,
,,,,,
,,,,,
,,,,,
,,,,,
,,,,,
,,,,,
,,,,,
,,,,,
,,,,,
,,,,,
,,,,,
,,,,,
,,,,,
,,,,,
,,,,,
,,,,,
,,,,,
,,,,,
,,,,,
,,,,,
,,,,,
,,,,,
,,,,,
,,,,,
,,,,,
,,,,,
,,,,,
,,,,,
,,,,,
,,,,,
,,,,,
,,,,,
,,,,,
,,,,,
,,,,,
,,,,,
,,,,,
,,,,,
,,,,,
,,,,,
,,,,,
,,,,,
,,,,,
,,,,,
,,,,,
,,,,,
,,,,,
,,,,,
,,,,,
,,,,,
,,,,,
,,,,,
,,,,,
,,,,,
,,,,,
,,,,,
,,,,,
,,,,,
,,,,,
,,,,,
,,,,,
,,,,,
,,,,,
,,,,,
,,,,,
,,,,,
,,,,,
,,,,,
,,,,,
,,,,,
,,,,,
,,,,,
,,,,,
,,,,,
,,,,,
,,,,,
,,,,,
,,,,,
,,,,,
,,,,,
,,,,,
,,,,,
,,,,,
,,,,,
,,,,,
,,,,,
,,,,,
,,,,,
,,,,,
,,,,,
,,,,,
,,,,,
,,,,,
,,,,,
,,,,,
,,,,,
,,,,,
,,,,,
,,,,,
,,,,,
,,,,,
,,,,,
,,,,,
,,,,,
,,,,,
,,,,,
,,,,,
,,,,,
,,,,,
,,,,,
,,,,,
,,,,,
,,,,,
,,,,,
,,,,,
,,,,,
,,,,,
,,,,,
,,,,,
,,,,,
,,,,,
,,,,,
,,,,,
,,,,,
,,,,,
,,,,,
,,,,,
,,,,,
,,,,,
,,,,,
,,,,,
,,,,,
,,,,,
,,,,,
,,,,,
,,,,,
,,,,,
,,,,,
,,,,,
,,,,,
,,,,,
,,,,,
,,,,,
,,,,,
,,,,,
,,,,,
,,,,,
,,,,,
,,,,,
,,,,,
,,,,,
,,,,,
,,,,,
,,,,,
,,,,,
,,,,,
,,,,,
,,,,,
,,,,,
,,,,,
,,,,,
,,,,,
,,,,,
,,,,,
,,,,,
,,,,,
,,,,,
,,,,,
,,,,,
,,,,,
,,,,,
,,,,,
,,,,,
,,,,,
,,,,,
,,,,,
,,,,,
,,,,,
,,,,,
,,,,,
,,,,,
,,,,,
,,,,,
,,,,,
,,,,,
,,,,,
,,,,,
,,,,,
,,,,,
,,,,,
,,,,,
,,,,,
,,,,,
,,,,,
,,,,,
,,,,,
,,,,,
,,,,,
,,,,,
,,,,,
,,,,,
,,,,,
,,,,,
,,,,,
,,,,,
,,,,,
,,,,,
,,,,,
,,,,,
,,,,,
,,,,,
,,,,,
,,,,,
,,,,,
,,,,,
,,,,,
,,,,,
,,,,,
,,,,,
,,,,,
,,,,,
,,,,,
,,,,,
,,,,,
,,,,,
,,,,,
,,,,,
,,,,,
,,,,,
,,,,,
,,,,,
,,,,,
,,,,,
,,,,,
,,,,,
,,,,,
,,,,,
,,,,,
,,,,,
,,,,,
,,,,,
,,,,,
,,,,,
,,,,,
,,,,,
,,,,,
,,,,,
,,,,,
,,,,,
,,,,,
,,,,,
,,,,,
,,,,,
,,,,,
,,,,,
,,,,,
,,,,,
,,,,,
,,,,,
,,,,,
,,,,,
,,,,,
,,,,,
,,,,,
,,,,,
,,,,,
,,,,,
,,,,,
,,,,,
,,,,,
,,,,,
,,,,,
,,,,,
,,,,,
,,,,,
,,,,,
,,,,,
,,,,,
,,,,,
,,,,,
,,,,,
,,,,,
,,,,,
,,,,,
,,,,,
,,,,,
,,,,,
,,,,,
,,,,,
Adunay 14 lang ka contingents nga magtigi sa Sinulog Grand Parade ug Grand Ritual Showdown nga ipahigayon sa South Road Properties (SRP) karong Dominggo  Enero 21  2024.,,,,,
Si City Mayor Michael Rama niingon sa Martes  Enero 16  nga sa kinatibuk-ang gidaghanon sa mga nagtigi nga contingents  duha lang ang gikan sa gawas sa Sugbo.,,,,,
“Adunay duha  so far  nga out-of-town contingents. Kini gikan sa Canlaon City (sa Negros Oriental) ug lungsod sa San Jose (sa Dinagat Islands) ” matod niya.,,,,,
Dugang pa niya nga ang nahabilin nga 12 ka contingents mao kadtong mga barangay sa dakbayan sa Sugbo nga nagtigi sa precursor event nga Sinulog Sa Dakbayan niadtong Sabado  Enero 13 sa Cebu City Sports Center.,,,,,
Kini naglakip sa grand winner nga Barangay Guadalupe  ug ubang mga delegado gikan sa Barangay Banilad  Binaliw  Inayawan  Mabolo  Suba  Labangon  San Roque  Sapangdaku  San Nicolas Proper  ug T. Padilla.,,,,,
Mosalmot usab ang Tribu Divinohanon sa Divino Amore Academy  usa ka Catholic school nga nahimutang sa Mohon  Talisay City  kay nagtigi sila atol sa Sinulog Sa Dakbayan  nga naghimo kanila nga bugtong non-Cebu City contingent sa 12 ka mga delegado.,,,,,
Si Rama niingon nga walay contingent gikan sa mga lungsod ug siyudad ubos sa Probinsiya sa Sugbo gikan sa Sinulog Sa Lalawigan nga nagpakita og interest nga mosalmot sa dakong kalihukan sa SRP.,,,,,
“Wala  wala  wala ” ingon niya.,,,,,
Base sa report sa SunStar Cebu niadtong Lunes  Enero 15  giimbitar ni Rama ang top five winners sa Sinulog sa Lalawigan nga mosalmot sa Sinulog Grand Parade ug Grand Ritual Showdown.,,,,,
Matod niya nga ang Sinulog Foundation Inc. (SFI) mopaabot sa mainitong pag-abiabi sa mga mananaog sa Sinulog sa Lalawigan  pinangulohan sa contingent sa dakbayan sa Carcar  nga nipatigbabaw sa 15 ka laing contingents sa ritual showdown  best musical ensemble  ug best costume.,,,,,
Gawas sa Carcar City  ang ubang mga mananaog sa ritual showdown naglakip sa Tribu Talisaynon gikan sa Talisay City (ikaduha nga pwesto)  Tribu Dagitabnon gikan sa City of Naga (third place)  Mandaue City (fourth place)  ug Tribu Masadyaon gikan sa Toledo City (fifth place).,,,,,
Matod sa mayor nga ang premyo sa mga mananaog sa Sinulog Grand Parade ug Grand Ritual Showdown susama ra sa miaging tuig nga edisyon.,,,,,
,,,,,
Bisan sa pag-angkon sa suspek sa pagpatay kang Sinulog Idol vocal coach Joel Jude Suson Unchuan  mas naila nga Coach J  di pa sirhan sa Police Regional Office (PRO 7) ang imbestigasyon sa iyang kamatayon.,,,,,
Kini bisan sa pag-angkon ni Sanny Lumangca nga nag-inusara siya sa pagpatay kang Unchuan niadtong gabii sa Disyembre 29  2023 sulod sa sakyanan sa inilang personality sa Sugbo.,,,,,
Matod ni Police Lieutenant Col. Gerard Ace Pelare  spokesperson ni Police Brigadier General Anthony Aberin  hepe sa Police Regional Office 7  nga ila pa subayon kon duna bay kauban si Lumangca sa paghimo sa krimen.,,,,,
Una na nga nibutyag ang suspek sa iyang extra judicial confession nga nag-inusara siya sa pagpatay sa biktima gamit ang bakos sa dihang wala sila magkasinabot.,,,,,
“We take into account the extrajudicial confessions but the police will not solely its findings on the extrajudicial confessions so ang among buhaton karon among i-file ang kaso against the suspect but the investigation is still open to determine if naa pabay laing involve ” matod ni Pelare.,,,,,
Usa sa mga tinuon sa kapulisan kon nganong naabot si Lumangca sa dakbayan sa Naga aron ihagbong ang lawas sa biktima  bisan niangkon nga di siya kahibawo momaneho og sakyanan.,,,,,
,,,,,
Gidakop ang 24 anyos nga dalaga kay na wanted human nalutsan og warrant of arrest kay gikiha sa iyang maguwang gumikan sa giingong pagpakauwaw kaniya sa social media posts.,,,,,
Si Dawn Cabredas Jagdon  taga Purok Santan  Brgy. Vito  Minglanilla  napusasan alas 7:50 sa buntag sa Lunes  Enero 15  2024 sa Brgy. Lamacan  sa Sibonga sa tulo ka mga kaso nga cyber libel. Nakapyansa siya sa Martes sa hapon ug nakagawas.,,,,,
Ang Sibonga Police Station personnel nisikop kang Jagdon  pinasikad sa warrant of arrest nga giisyu ni Judge Glenda Ching Go  sa Branch 65 sa Regional Trial Court sa Talisay City  Cebu nga gipitsahan og December 19  2023.,,,,,
Ang korte nitugot sa akusado nga makapyansa og tag P10 000 sa matag usa sa tulo kaso.,,,,,
Sa nakuha’ng impormasyon sa Superbalita Cebu  ang maguwang nikiha sa iyang manghod tungod sa giingong mga bastos  libelous posts nga giingon nga pagpanaut. Wala na makaaguwanta ang maguwang  nipasaka og kaso batok sa manghod.,,,,,
Sa nakuhang impormasyon sa Superbalita Cebu  selos ang giingong motibo sa posts sa manghod sa social media.,,,,,
Si Police Staff Sgt. Leon Gesim sa Sibonga Police station niingon nga nipiyansa si Jagdon sa tulo ka mga kaso Martes sa hapon  Enero 16  busa gibuhian ra usab dayon siya.,,,,,
,,,,,
Duha ka mga pasahero sa usa ka van ang nangamatay human nawad-an og brake ang sakyanan sa Martes sa hapon  Enero 16  sa bukiran sa dakbayan sa Sugbo.,,,,,
Samtang sa Barangay Marigondon  Dakbayan sa Lapu-Lapu  adunay duha usab nga nangamatay sa dihang ang motorsiklo nga ilang giluwanan midasmag sa sementadong paril. (Lahi nga storya mabasa sa pahina 5).,,,,,
Base sa inisyal nga imbestigasyon sa Cebu City Police Office  Traffic Enforcement Unit (TEU) nga duha kamga tawo ang nangamatay sa vehicular accident sa Sityo Kamanggahan  Barangay Guadalupe  Dakbayan sa Sugbo.,,,,,
Ang mga biktima nga patay nang nangabot sa ospital mao sila si Genevieve Gomez  hingkod  taga sityo Kamanggahan  usa lang ka pedestrian ug usa ka wala mailhi nga lalaki nga rider.,,,,,
Ang mga nangaangol giila nga sila si Christina Caballes  taga sityo Kamanggahan; iyang silingan nga si Arnold Gabutan Sr.  driver sa motorsiklo; Ryan Panonce  hingkod  nagpuyo sa dapit; ug Aldrin Hertezuela  hingkod.,,,,,
Samtang ang driver sa van giila nga si Felizardo Pasague Base  minyo  taga Donsol  Sorsogon.,,,,,
Sa pamahayag sa hepe sa TEU  Police Major Jonathan Dela Cerna  ang van nga nagsubay sa dulhogon nga kalsada sa Brgy. Guadalupe dihang nawad-an og brake.,,,,,
Gihulagway nga naratol si Base ug wa na makahigayon pa og sirbato sa mga motorista sa unahan sa dihang wa na niya nakontrolar ang naghaguros nga sakyanan.,,,,,
Gikataho’ng upat ka mga motorsiklo ang gidaro sa van resulta sa pagkalagpot sa mga sakay niini.,,,,,
Padayon pa sab nga gikompirmar ang gidaghanon sa mga biktima nga nangaangol.,,,,,
Makita sa video nga kuha sa netizen nga si Lezar Seldaut nga usa sa mga motorsiklo maayong pagkagupok  samtang adunay usa ka lalaki sa may gutter ang wa na maglihok ug adunay dugo sa iyang ulohan nga bahin.,,,,,
Nagpasad sab sa kalsada ang nagkadaiyang mga butang sa mga biktima human sila madasmagi  nga timailhan nga grabe ang impact sa pagkadasmag.,,,,,
Samtang maayo’ng pagkapiyapi sa atubangang bahin sa van  diin matod pa ni Dela Cerna  wa kini laing sakay gawas sa drayber.,,,,,
Ang hepe sa Guadalupe Police Station  Police Captain Rexel Yosores  nagkanayon nga gikan sa gitrabaho nga usa ka subdivision ang nagmaneho sa van nga giingong iya sa subcontractor sa maong development project.,,,,,
Drayber sa van kasamta­ngan nga gitanggong sa Gua­dalupe Police Station.,,,,,
Gihikay na ang kasong reckless imprudence resulting to homicide and physical injuries and damage to property batok kang Base.,,,,,
,,,,,
Gidala na ang lawas ni Jocelyn Samillon  21  sa Regional PNP Forensic Unit 7 aron ipaubos sa autopsy ug masayran unsay gikamatyan.,,,,,
Aron usab masuta kon gilugos ba kini sa suspek nga si Jimboy Pasacan nga ila ra usab nga kabanay.,,,,,
Ang inahan ni Jocelyn nga si Gemma Samillon nagkanayon nga pasado alas 9 sa Dominggo sa gabii nilakaw ang iyang anak aron mo-disco sa Barangay Anopog subay sa kapistahan sa maong lugar.,,,,,
Uban niini si Jimboy ug ang igsuong babaye sa suspek hinungdan nga nisalig ra usab siya.,,,,,
Apan nangatingala na sila kay nabuntag na lang wala pa makauli ang iyang anak.,,,,,
Nagtuo sila nga didto ra natulog sa iyang apuhan ang biktima  apan sa ilang pagsubay wala didto.,,,,,
Di na usab ma-contact ang cellphone niini.,,,,,
Tungod sa kabalaka nagpa blotter na sila sa barangay ug nihangyo sa mga opisyal sa pagpangita niini.,,,,,
Tuod man pagka alas 11 sa buntag sa Lunes napalgan kini sa kilid sa lim-aw sa tubig nga patay na.,,,,,
“Gipa blotter nako sa barangay nya nag koan og tanod ang kapitan didto kay ako ra man sad nang ig-agaw. Mao to nagpatabang siya’g tanod para pangita. Karon nakit-an naman namo gitambog sa lugot  gitabunan siya sa unas. Luoy tawon kaayo ” matod ni Samillon.,,,,,
Dali nga nadakpan sa kapulisan si Pasacan sa Barangay Bitoon  bukirang dapit sa lungsod sa Dumanjug  human siya ang gitudlo nga maoy katapusang nakit-an nga kauban sa biktima sa pagpamauli.,,,,,
Giangkon ni Pasacan ang krimen ug iyang gibutyag nga igo ra siya nga nihangyo nga makighilawas.,,,,,
Apan sa dihang iya nang hubuon ang short pants sa biktima  nibalibad na kini tungod kay ig-agaw ra sila.,,,,,
Dinhi na siya nasuko ug iyang gisukmag sa makatulo ka mga higayon ang kuto-kuto nga maoy nakaingon nga nakuyapan kini.,,,,,
Human niya mapahimusli ang biktima  iya kining gitiwasan sa pagtuok sa liog ug gihagbong sa lim-aw dayong tabon sa mga unas sa saging.,,,,,
Sa interview sa sibyaanang dyHP  nangayo’g pasaylo ang suspek sa pamilya sa biktima.,,,,,
Apan matod niSamillon nga dili na sila makapasaylo ug gusto sila nga madugta kini sa bilanggoan.,,,,,
“Salbahis kaayo ka  Boy. Gipakaon paka namo  maayo gyung ____sad na siya uy. Nangayo pa siyag pasaylo. Hilasa ana niya no  dili gyud mi makapasaylo nga kinabuhi man na iyang gikalas ” matod ni Samillon.,,,,,
Giangkon ni Samillon nga duna nay record sa ilang barangay ang suspek tungod kay mao kini ang gitumbok nga manaka sa kabalayan aron mangawat.,,,,,
Dili siya makatuo nga mabuhat sa suspek ang pagpatay sa iyang anak kay giila na nila kini nga sakop sa pamilya.,,,,,
Gani didto kini mokaon ug kauban usab sa trabaho sa iyang anak nga lalaki.,,,,,
Tungod sa dali nga pagkasikop sa suspek  gidayeg sa Police Regional Office 7 ang kapulisan sa lungsod sa Pinamungajan nga wala ra mag 24 oras nasulbad ang krimen.,,,,,
Matod ni Police Lieutenant Colonel Gerard Ace Pelare  spokesperson ni Police Brigadier General Anthony Aberin  nga giandam na ang mga ebedensya aron mapasaka na ang kasong rape with homicide.,,,,,
,,,,,
Hugot nga gidili sa tibuok dakbayan ang pag-inom og ilimnong makahubog sa publikong dapit sa adlaw sa Sinulog Grand Parade ug Grand Ritual Showdown karong Dominggo  Enero 21  2024.,,,,,
Kini human nihimo og pamahayag si City Mayor Michael Rama nga nagpasiugda nga dili lang kini ipatuman sa rota sa Grand Parade sa South Road Properties (SRP)  apil apan sa tibuok siyudad.,,,,,
Matod niya nga kini aron malikayan ang posibling kagubot ug kaguliyang sa publiko ilabina niadtong mahubog.,,,,,
“Now  those who will carelessly drink publicly  and you will cause commotion  you will be accountable  so you have to be responsible ”matod niya sa Martes  Enero 16.,,,,,
Matod sa mayor nga samtang hugot nga ipatuman ang pagdili sa publikong mga dapit  wala siya nagdasig o nagpasiugda nga mahimo’ng moinom og ilimnong makahubog bisan naa sa su’d sa mga balay.,,,,,
“They should be aware about it  because usually those who will cause commotion in the [parade] are those coming from houses (drunk) ” dugang niya.,,,,,
Matod ni Rama nga nakuha kini niya sa iyang kasinatian sa miaging Sinulog Festival  kanus-a usa ka palahubog niiduol kaniya ug kalit nga nagbutang og hugaw sa iyang nawong.,,,,,
“Kon walay liquor ban? Kahibawo ta unsay mahitabo. Naay time  ako gani mayor  naay niabot nga hubog kaayo  kabalo siya nga mayor ko  kahibaw ka unsay iyang gibuhat nako? Gihugawan niya akong nawong ” midugang siya.,,,,,
Matod niya nga dili siya moluwat og bisan unsang sinulat nga direktiba kalabot sa maong pagdili  sanglit aduna nay kasamtangang ordinansa sa Siyudad bahin niini ug nagkinahanglan lamang kini og higpit nga reinforcement.,,,,,
Base sa taho sa SunStar Cebu niadtong Hunyo 2018  ang City Ordinance 1929 nagpahamtang og silot sa publikong paghuboghubog sa mga dapit sama sa kadalanan  eskinita  plaza  ug mga parke sulod sa dakbayan sa Sugbo.,,,,,
Giingon usab niini nga ang mga makalapas mahimo’ng mag-atubang sa tulo ka bulan nga pagkabilanggo  P1 000 nga multa  o ang duha  sa pagbuot sa korte.,,,,,
Sa laing bahin  giingon usab sa taho nga gidili usab ang pag-inom og ilimnong makahubog duol sa mga eskwelahan o ospital.,,,,,
Ang Section 12 sa City Ordinance 1413 o ang Liquor Licensing Ordinance nag-ingon nga “no liquor license shall be issued to any person  partnership  firm or corporation whose place of business is within the residential zone of urban areas and within 100 meters from the perimeter or property boundary line of any school or hospital.”,,,,,
Dugang pa  si Rama niingon nga ang pagdili sa pag-inom di magamit sa mga indoor area sa mga hotel  resort  restaurant  ug susamang mga establisemento nga gi-certify sa Department of Tourism nga “tourist-oriented.”,,,,,
Sa buwag nga pakighinabi  si Konsehal Phillip Zafra  kinsa maoy chairman sa committee on peace and order  niingon sa Martes nga bisan pa sa gipahibalo sa mayor  gikinahanglan nila ang executive order sa written form.,,,,,
Siya nihatag og gibug-aton nga sa pagpatuman sa liquor ban  kinahanglan nila nga susihon pag-usab ang mga permit nga gi-isyu alang sa liquor dispensing ug mga lisensya nga nagtugot sa pag-inom sa mga ilimnong makahubog.,,,,,
,,,,,
Usa ka suspetsado nga drug pusher nga katulo na nabilanggo sa Mambaling Police Station tungod sa kaso sa gidiling drugas  gipusil-patay sud sa iyang balay sa Sityo Ipil-Ipil  Barangay Mambaling  siyudad sa Sugbo  ala 1:30 sa kaadla­won  Lunes  Enero 15  2024.,,,,,
Ang biktima nailhan nga si Lloyd Monceda  40  ulitawo apan dunay kapuyo ug lumolupyo sa naasoy nga dapit.,,,,,
Sumala sa imbestigasyon sa Mambaling Police Station ubos sa kamanduan ni Police Maj. Jonathan Bethooven Taneo  nasuta nga usa ka armadong lalaki nga nagsakay og motorsiklo ang niabot sa balay sa biktima.,,,,,
Nanuktok kini sa pultahan ug nanangpit nga nagkanayon nga mopalit og shabu. Apan gitubag sa kapuyo sa biktima nga wala na.,,,,,
Apan giablihan sa biktima ang pultahan ug didto na gipusil sa makatulo ka higayon. Ang wa mailhing mamumuno daling nisibat ug wa na maabti sa mga polis nga ningresonde sa alarma.,,,,,
Ang biktima gitabang sa responders sa Disaster Risk Reduction Managment Office (DRRMO) apan nakabsan na sa kinabuh busa wala madala sa tambalanan.,,,,,
Ang PNP Scene of the Crime Operation (Soco) nakapunit og duha ka mga kabhang sa kalibre .45 nga armas. Gitan-aw sa kapulisan nga illegal drugs ang motibo sa maong krimen.,,,,,
,,,,,
Nag-brief na lang nga nidagan padung sa kalibunan ang usa ka 56 anyos nga lalaki nga biyudo dihang nasakpan nga ‘nilugos’ sa iyang silingan nga 13 anyos nga babaye sa Brgy. Pandan  siyudad sa Bogo  ala 1:00 sa hapon  Dominggo  Enero 14  2024.,,,,,
Apan ang ngan sa suspek nga silingan sa biktima wa una gibutyag sa kapulisan sa pagtago usab sa pagkatawo sa menor de edad.,,,,,
Sa imbestigasyon sa Wo­men and Children Protection Desk sa (WCPD) sa Bogo City Police Station ubos sa kamandoan sa ilang hepe nga si Police Lt. Col. Joan Arnoco  nasayran nga ang biktima nga 13 anyos nga babaye nitubag sa sugo sa lawas sa kalibunan.,,,,,
Pagkahuman niini  nangita siya sa iyang manghod apan sa kalit lang  nitumaw ang suspek ug gidala siya og balik sa kalibunan.,,,,,
Matod sa bata  gihaylo siya nga maoy mogasto sa iyang pag-eskwela ug didto na gibuhat ang lawasnong tinguha sa suspek.,,,,,
Apan nabulabog sa dihang dunay lain nilang silingang babaye nga nanguha og sa­nga sa kahoy ug didto iyang na­kit-an ang suspek ug biktima.,,,,,
Gisinggitan niini ang biktima sa pagdagan ug ang suspek nidagan usab nga nag-brief na lang padulong sa mas suok nga bahin sa kalibunan.,,,,,
Samtang  ang bata gikuyogan sa iyang silingan nga nakasaksi sa hitabo ngadto sa iyang ginikanan ug nitug-an sa nahitabo.,,,,,
Ang mga ginikanan ningsumbong sa kapulisan hinungdan nga nadakpan sa hot pursuit sa kapulisan ang suspek sa ilang dapit nga nakig-inom na sa iyang mga barkada.,,,,,
Samtang  ang WCPD sa Bogo City Police Station mohimo pa og dugang imbestigasyon kon ang bata malampuson ba’ng nalugos sa suspek pinaagi sa medical examination.,,,,,
Sa pagkakaron  ang suspek gitanggong na sa kapulisan sa Bogo ug gikatakda nga pasakaan og kaso nga pag-abuso sa usa ka menor de edad.,,,,,
,,,,,
Gikompirmar sa suspek sa pagpatay kang Joel Jude Suson Unchuan  alyas “Coach Jay” nga nasuko siya sa biktima hinungdan nga iyang napatay.,,,,,
Si Sonny Lumangca  20  taga lungsod sa Clarin  Misamis Occidental apan trabahante sa Jett Construction and Electrical Supply sa Barangay Subangdaku  dakbayan sa Mandaue  nitahan sa kapulisan niadtong Biyernes  Enero 12  2024.,,,,,
Sa interview sa DyHP RMN CEBU nitug-an siya nga gi-pickup siya sa biktima sa Subangdaku sanglit aduna silay nasabutan nga sila manglaag sa lungsod sa Compostela niadtong Disyembre 29  2023 sa gabii.,,,,,
Apan giingong wala sila nadayon pag-adto sa Compostela  inay nibalik sa agi hangtod naabot sa IT Park sa siyudad sa Sugbo.,,,,,
Samtang sa ilang pagbiyahe  nagsabot sila ni Coach J pagbuhat sa naandan nilang buhaton kon magkita sanglit nagkaila na sila kaniadto pa sa biktima sa 2022 sa iyang pagpanarbaho dinhi sa Sugbo.,,,,,
“Ana siya nga kuwang kuno iyang kwarta kay 200 lang dili paigo ” alegasyon sa suspek.,,,,,
Nialegar sab kini nga siya pa ang gibasol nganong nalangay sila ug kalas  matod pa  sa oras ug gasolina gumikan kay aduna pa siyay laing lakaw.,,,,,
Dinhi  matod sa suspek  nasuko siya ug adunay nahikapan nga bakos nga gigamit niya pagtuok sa biktima hangtod nga wala na kini panimuot.,,,,,
Dugang ni Lumangca nga wala na siya nasayod kon nganong nadala niya sa Inayagan sa dakbayan sa Naga ang biktima diin didto na kini napalgan nga way kinabuhi ang biktima. Siya niangkon nga dili siya kamao momaneho og sakyanan.,,,,,
Giingong tungod kay nakonsensya na siya sa iyang nabuhat nga krimen  nibalik siya sa Sugbo ug gisugat sa kapulisan sa pantalan niadtong Enero 12 2024  human niuli siya sa Clarin.,,,,,
Giangkon ni Lumangca nga wala silay relasyon ni ‘Coach J’ ug kutob ra sa pagchat-chat ang ilang komunikasyon ingon man magsabot sa buluhaton tali nilang duha.,,,,,
Nitug-an sab siya nga Disyembre 29  2023 niya napatay si “Coach J” ug siya ra ang nagmaneho-maneho sa sakyanan bisan iyang giangkon nga dili siya kamao mo-drive.,,,,,
Nangayo’g pasaylo si Lu­mangca sa pamilya ni “Coach J” bisan nasayod siya nga dili siya mapasaylo niini.,,,,,
Hugot ang iyang pangangkon nga nagbinugtong lang siya sa pagpatay sa biktima sukwahi sa migawas sa imbestigasyon nga duha ka mga tawo ang ninggawas sa sakyanan dihang giabandonar sa lungsod sa Liloan.,,,,,
,,,,,
Naukay ang mga lumolupyo sa bukirang bahin sa Purok Cacao  Barangay Camugao  lungsod sa Pinamungajan  alas 12:00 sa udto  Lunes  Enero 15  2024  dihang usa ka dalaga napalgan nga patay sa kasagingan nga gitabunan og mga unas sa saging.,,,,,
Ang biktima giila nga si Jocelyn Caparida Samillon  21  dalaga  lumolupyo sa naasoy nga dapit.,,,,,
Sa pakighinabi sa Superbalita Cebu kang Police Maj. Gilfred Baroman  hepe sa kapulisan sa Pinamungajan  nasayran nga ang biktima gikan sa disko sa piyesta sa Barangay Anapog sa maong lungsod nga silingang dapit sa Camugao.,,,,,
Matod ni Baroman  may nakakita sa biktima nga kuyog sa iyang suod nga kaliwat nga si Jimboy Pasacan  18  pauli sa ilang dapit gikan sa disko.,,,,,
Apan wa na igkita ang ma­ong batan-on sa ilang Purok Cacao human sa hitabo.,,,,,
Si Baroman nagkanayon nga sa ilang pagsubay pinaagi sa ilang nakuhang impormasyon sa posibling gitagoan sa suspek  didto na nila matul­tuli sa Barangay Bitoon  lungsod sa Dumanjug ang suspek sa balay sa kaliwat sa amahan niini.,,,,,
Ang suspek nagdala og bag padulong na unta mosibat agi sa pantalan sa Tangil padulong sa isla sa Negros.,,,,,
Si Baroman nagkanayon nga sa iyang pagpangutana sa suspek kon nganong iyang gipatay ang biktima  kini nitubag nga nahiubos siya sa biktima kay siya gipasanginlan nga nangawat.,,,,,
Matod niya nga sa iyang kasuko  iyang gisumbag ug gituok ang biktima hangtod nga namatay.,,,,,
Matod ni Baroman nga mokuha pa sila og dugang mga impormasyon sa habig sa mga ginikanan sa biktima kon unsa gyud ang nasuk-an sa suspek.,,,,,
Mahitungod sa anggulo sa rape  kini usa sa ilang iapil sa imbestigasyon ug masayran kini pinaagi sa autopsy sa lawas sa biktima.,,,,,
Apan nasuta sa pagtan-aw sa PNP Scene of the Crime Ope­ration (Soco)sa lawas sa biktima  ang short pants ug ang iyang sapot wa mahubo.,,,,,
,,,,,
Gihulagway sa Cebu City Police Office (CCPO) nga malinawon ug hapsay ang Sinulog sa Dakbayan ug Sinulog sa Lalawigan niadtong Sabado  Enero 13  ug Dominggo  Enero 14  2024  sa Cebu City Sports Center (CCSC).,,,,,
Si Police Lt. Col. Janette Rafter  deputy city director for operations sa CCPO  ang duha ka mga dagkong kalihukan gibantayan sa kapin sa usa ka libo ka security personnel.,,,,,
Way natala ang kapulisan nga krimen sa sulod sa CCSC  lakip na sa rota sa Sinulog  gikan sa pagsugod hangtod nga natapos sa lawom na nga gabii.,,,,,
“Malipayon ta nga wala gyud tay nataho nga krimen ” matod ni Rafter.,,,,,
Gibana-bana ni Rafter nga kapin sa 15 000 ka mga tawo ang ningsaksi sa sulod sa CCSC  wala pay labot ang liboan usab ka mga tawo sa gawas nga nag-atang sa pag-agi sa contingents.,,,,,
Usa sa nabantayan ni Rafter nga ilaha unya nga korehian mao ang mga photographer nga angay nga ipahimutang aron dili makabalda sa sayaw sa contingents.,,,,,
Nakasabot si Rafter nga dunay indigay sa pagkuha og hulagway apan kinahanglan sila nga ipahimutang aron dili magkayamukat.,,,,,
“Naay part sa ilang sayaw nga mokalit sila’g dagan  nya manga-hamper sila..” dugang ni Rafter.,,,,,
Nagpasalamat ang CCPO sa publiko nga nisunod sa ilang panawagan nga dili magdala’g mahalong butang aron dili mabiktima sa mga dautang elemento.,,,,,
,,,,,
Naila sa ilang dungan nga lakang sa pagsayaw ug dili kaayo mahalong props  ang Carcar City nigawas gihapon nga kampeyon sa Ritual Showdown sa Sinulog sa Lalawigan 2024 nga gipahigayon sa Cebu City Sports Center (CCSC) niadtong Dominggo  Enero 14  2024.,,,,,
Si Kathryn Estenzo  46  usa ka public school supervisor ug ang creative adviser alang sa festivals sa Carcar City  maoy nagpaluyo sa konsepto sa ‘crab mentality’ sa Carcar City contingent.,,,,,
“I just believe that we have this Filipino trait na until now naa pa gihapon  and by reflection [ I ] believe we can change our negative trait ” matod ni Estenzo.,,,,,
Ang Carcar City contingent nakadawat sa kinatibuk-ang ganti nga P3 milyunes gikan sa Cebu Province ug laing P500 000 gikan sa Cebu City.,,,,,
“Happy  thank you Sr. Sto. Niño ” matod ni Estenzo ngadto sa SunStar Cebu human pag-anunsiyo nga sila ang nidaug.,,,,,
“Mag wait mi ni Guv (Gobernador Gwen Garcia) ” dugang ni Estenzo human gipangutana kon andam na ba sila sa hagit nga makigtigi sa Sinulog Mardi Gras 2024 sa South Road Property (SRP) karong Enero 21.,,,,,
Samtang  gipildi sa Tribu Canamucan sa lungsod sa Samboan ang laing 15 ka teams ug nakuha ang titulo sa Street Dancing Champion sa Sinulog sa Lalawigan 2024.,,,,,
Si Sherwin Taneo  32  taga dakbayan sa Mandaue  head choreographer sa Samboan contingent  nagpasalamat sa Sto. Nino sanglit walay usa ka semana ang ilang pagpraktis sa tibuok sayaw ug nag-ensayo og usa ka adlaw alang sa ilang mga lakang sa street dancing.,,,,,
“Among pag-ari sa siyudad kay purely halad  ang pagdaug is bonus nalang siya ” matod ni Taneo.,,,,,
Malipayon si Taneo nga nahimo’ng kabahin sa kadaugan sa Samboan tungod kay kini ang unang higayon nga ang lungsod nakigtigi sa usa ka grand festival showdown.,,,,,
,,,,,
CEBU  Philippines — Napalgang patay ang usa ka 21-anyos nga babaye sa gamay nga sapa-sapa sa Purok Cacao  Barangay Camugao  Lungsod sa Pinamungajan alas 12 sa udto kagahapon.,,,,,
Ang biktima giila nga si Jocelyn Caparida Samillon  residente ra usab sa naasoy nga lugar.,,,,,
Nadakpan sab dayon sa Pinamungajan Police Station pinangulohan ni Major Gilfred Baroman ang suspek nga usa ka 18-anyos nga lalake nga silingan ug suod nga higala ug paryente ra sab sa biktima kansang pangalan gipugngan una sa Banat News tungod dunay report nga menor de edad pa kini. Matud ni Baroman ang dapit kun asa nakit-an ang patay’ng lawas sa biktima duol ra sa ilang panimalay ug nakita sab nga dunay bun-og sa lawas ang biktima ilabi na sa liog.,,,,,
Sa wala pa napalgan ang biktima  gikatahong nakit-an pa kini sa diskohan sa silingang barangay diha sa Barangay Anapog niadtong Domingo sa gabii  Enero 14  2024 kuyog niini ang suspek ug ang maguwang sa suspek.,,,,,
Sakay sila sa duha ka motor sa ilang pagpamauli apan gumikan kay lisod ang dalan padung sa ilang panimalay maong ninaog ang suspek ug ang biktima ug naglakaw nalang padung sa ilaha.,,,,,
Apan giingong wala na makaabot sa ilang balay ang biktima hangtud nga nadiskubrehan nalang nga patay na kini diha sa maong gamay nga sapa. Ang suspek nga maoy kataposang giingong kauban sa dalaga giingong misibat ngadto sa bukirang bahin sa Barangay Bitoon  Lungsod Dumanjug ug nitago sa iyang amahan  apan naabtan kini gihapon sa mga polis didto ug gidakop.,,,,,
Matud pa sa suspek ngadto sa kapolisan napatay niya ang biktima kay nahiubos siya nga gipasanginlan siyang kawatan sa ilang lugar.,,,,,
Matud pa suod sila nga managhigala maong iyaha kining gisumbag sa kuto-kuto ug dihang nakuyapan iyaha kining gituok.,,,,,
“Nabalik sa iyang panumdoman mga ingon ana nasakitan siya maong iyahang nahinaykan  maong napatay niya ” sigon ni Baroman.,,,,,
Ipaubos ang patay'ng lawas sa biktima aron masuta kun kini gilugos ba kini.,,,,,
,,,,,
CEBU  Philippines — Duna gyuy kabutangan sa mga magpabadlong atol sa Sinulog Festival tungod kay gaandam na ang Cebu City Police Office (CCPO) og mga “Bust-Bus” kun asa ibalhog ang madakpan nga mga badlungon.,,,,,
Matud ni Police Lieutenant Colonel Janette Rafter  Deputy City Director for Operations sa CCPO ang “Bust-Bus” butangan na og imbestigador aron dili na kinahanglan nga moadto og police station ilabi na sa adlaw sa Sinulog Grand Parade kay nakita nila nga lisod na ang pagilihok gumikan sa kadaghan og tawo.,,,,,
Upat ka bus ang gi-request sa Cebu City Police Office ngadto sa Kagamhanan sa siyudad sa Sugbo diin ibutang kini sa Mango Avenue nga ilado gyud dagsaan og mga tawo  ug usab sa Plaza Independencia ug duha sa South Road Properties kun asa ang venue sa Sinulog 2024.,,,,,
“Atong nakita mahaw-as gyud ang tawo sa SRP paingon gyud ni diri tanan sa downtown…During sa event sa Grand Parade duha atong ibutang diha but gabie na kay atong makita base on sa atong experiences magsugod na diha alas 11 mao gyud na ang kasagsagan sa mga tawo enough time pud nga makabiyahe ang atong bus gikan sa SRP”. matud ni Lt. Col. Rafter.,,,,,
Pasakaan gyud og kaso sa Cebu City Police Office kaning makamugna og kagubot ilabi na kining mga hubog bisan paman og ang duha ka habig nagkahusay na aron dili kini sundon sa uban.,,,,,
“We really do not tolerate kaning makagubot  it’s always been like that nga instruction sa atong City Director Police Colonel Ireneo Dalogdog nga ato gyud ni hatagan og appropriate charges kaning makagubot sa kalingawan sa atong publiko bisan pa og moingon nagka-settle sila no okay nagka-settle sila sa ilahang side ang atong kapolisan mo-file og kaso gihapon.,,,,,
